{"version":2,"languages":{"nodejs-npm":{"specfileHash":"b3b8b9e220ca75b01a39ada0f51d97c6","lockfileHash":"c3565d64f304493a8c5c1a017dc3a20d","guessedImports":["react-dom","@vitejs/plugin-react-refresh","react"],"guessedImportsHash":"faebc8c4e23c059ed73c7b62cd891a8b"},"nodejs-yarn":{"specfileHash":"36fe129750f9b571f62775768dfd2747","lockfileHash":"8cd20b0f91e5e007eadff22a3178e342","guessedImports":["@vitejs/plugin-react-refresh","react","react-dom"],"guessedImportsHash":"24f6f3418ae857900ebf7b7e00dc4a7b"}}}
